{
  "ADVANCED_30": {
    "strategy_name": "ADVANCED_30",
    "target_points": 30,
    "total_trades": 59,
    "winning_trades": 10,
    "win_rate_pct": 16.94915254237288,
    "total_pnl_points": 48.35520400001042,
    "avg_win_points": 91.65812389999955,
    "avg_loss_points": 17.718898673469084,
    "expectancy_points": 0.8195797288137303,
    "profit_factor": 1.0556942570836536,
    "max_drawdown_points": 286.2763489999961,
    "sharpe_ratio": 0.30019139693310204,
    "avg_daily_return_points": 1.0512000869567482,
    "trading_days": 46,
    "largest_win": 112.25,
    "largest_loss": 23.823891000000003
  },
  "ADVANCED_50": {
    "strategy_name": "ADVANCED_50",
    "target_points": 50,
    "total_trades": 51,
    "winning_trades": 13,
    "win_rate_pct": 25.49019607843137,
    "total_pnl_points": 152.45907000001534,
    "avg_win_points": 75.972683230769,
    "avg_loss_points": 21.978573999999515,
    "expectancy_points": 2.989393529412066,
    "profit_factor": 1.182545090936026,
    "max_drawdown_points": 366.6117869999871,
    "sharpe_ratio": 0.9597466860438567,
    "avg_daily_return_points": 3.8114767500003834,
    "trading_days": 40,
    "largest_win": 179.75,
    "largest_loss": 29.191235000002052
  },
  "ADVANCED_70": {
    "strategy_name": "ADVANCED_70",
    "target_points": 70,
    "total_trades": 32,
    "winning_trades": 7,
    "win_rate_pct": 21.875,
    "total_pnl_points": -91.53811300000234,
    "avg_win_points": 79.38378757142813,
    "avg_loss_points": 25.88898503999997,
    "expectancy_points": -2.860566031250073,
    "profit_factor": 0.8585682476797438,
    "max_drawdown_points": 303.77629900000466,
    "sharpe_ratio": -0.7799871313452135,
    "avg_daily_return_points": -2.860566031250073,
    "trading_days": 32,
    "largest_win": 243.95132999999987,
    "largest_loss": 34.983274000001984
  },
  "ADVANCED_MULTI": {
    "strategy_name": "ADVANCED_MULTI",
    "target_points": 40,
    "total_trades": 59,
    "winning_trades": 11,
    "win_rate_pct": 18.64406779661017,
    "total_pnl_points": 137.24854700001015,
    "avg_win_points": 69.96576663636303,
    "avg_loss_points": 13.174476791666317,
    "expectancy_points": 2.3262465593222075,
    "profit_factor": 1.2170366819406135,
    "max_drawdown_points": 303.5554059999922,
    "sharpe_ratio": 0.9063548166444746,
    "avg_daily_return_points": 2.983664065217612,
    "trading_days": 46,
    "largest_win": 99.17537599999923,
    "largest_loss": 19.12058899999829
  }
}